{
  "params": [
    122.84746419815585,
    0.6355174589964955,
    -0.09684241444399426,
    0.06828267764262563,
    -0.053987884806894176,
    -0.008405446340714195,
    0.06142651984815467,
    0.7791615235562149,
    -0.477729911193475
  ],
  "lags": [
    1,
    2,
    3,
    4,
    5,
    6,
    7,
    8
  ],
  "last_obs": [
    1123.8090000000002,
    1038.046,
    1353.9120000000005,
    1385.4399999999998,
    1368.478,
    1389.7430000000002,
    1363.039,
    1162.867
  ]
}